term,beta,se,t,p,lo95,hi95,outcome
(Intercept),21.02642436243609,0.7178491663490785,29.290866867443402,0.02172597376658225,11.905285885112372,30.147562839759807,mims_mean_per_day
od_binary,-0.612033259440075,0.015958727717080016,-38.35100581264002,0.016596058903018518,-0.8148081211421595,-0.40925839773799055,mims_mean_per_day
age,-0.08398641581023214,0.003621759282321145,-23.18939754505335,0.027436055209457466,-0.13000523075654574,-0.037967600863918545,mims_mean_per_day
female,1.1526335272574322,0.29474697464388966,3.9105864569094644,0.15937856474023038,-2.592481877935921,4.897748932450785,mims_mean_per_day
race_MexAm,1.2205436432518821,0.5334975961681069,2.287814700606982,0.2623339836913181,-5.558186039917132,7.999273326420896,mims_mean_per_day
race_NHAsian,-0.2618149253626969,0.019983950501166935,-13.101259700748788,0.04849821814149924,-0.5157350918681048,-0.007894758857288964,mims_mean_per_day
race_NHBlack,-0.5569394173574116,0.32796875939244097,-1.6981477698947198,0.3388094277910958,-4.724177621266984,3.6102987865521605,mims_mean_per_day
race_OtherHisp,1.3797964195077137,0.04306526807485893,32.039657041243984,0.01986329541475018,0.8326003063303083,1.926992532685119,mims_mean_per_day
race_OtherMulti,-0.8555433717464012,0.2767258458254843,-3.0916641313148068,0.1991535731079448,-4.371678624596118,2.660591881103316,mims_mean_per_day
edu_HS,1.0861410289880504,0.25837923751055736,4.203669921209016,0.14868029379380587,-2.1968784623978,4.3691605203739,mims_mean_per_day
edu_SomeColl,0.6164481430748807,0.15980661723622613,3.8574631872949734,0.16148110251236725,-1.4140874537241122,2.646983739873874,mims_mean_per_day
edu_lt_HS,1.1768485179489647,0.37734226911191526,3.1187826392169318,0.1975313432251864,-3.617739608999759,5.971436644897688,mims_mean_per_day
pir,-0.009053115131264299,0.12059818729138772,-0.07506841798036552,0.9522994284062947,-1.5413983736671777,1.5232921434046491,mims_mean_per_day
bmi,-0.09600516996600156,0.001465825951597876,-65.49561348763658,0.009719281586039186,-0.11463025461460227,-0.07738008531740084,mims_mean_per_day
smk_current,-0.8784780731066144,0.04058181833702322,-21.647085052006396,0.02938813673582019,-1.39411896546308,-0.3628371807501489,mims_mean_per_day
smk_former,0.006617699602662619,0.16037869477752756,0.041262959595989294,0.9737460775502922,-2.0311868315610737,2.0444222307663993,mims_mean_per_day
dm_self,-0.8326129397031607,0.4772602669014059,-1.744567896064067,0.33135192262047286,-6.896779603393803,5.231553723987481,mims_mean_per_day
comorb_count,-0.1140266038919906,0.020894727352446494,-5.457195108058666,0.11537692696391155,-0.37951928753872516,0.15146607975474397,mims_mean_per_day
phq9_score,-0.0080332471594593,0.024230566005024313,-0.3315336157559659,0.7961989536535987,-0.31591177969269274,0.29984528537377414,mims_mean_per_day
sinus_ever,0.20787076660540216,0.5776592157160002,0.3598501693559054,0.7800969305100005,-7.131985496020199,7.5477270292310035,mims_mean_per_day
head_injury,-0.2586006738914546,0.22151489296004478,-1.1674189055004038,0.4509227473742805,-3.073214255953606,2.556012908170697,mims_mean_per_day
n_meds,-0.0687627873682537,0.07272851374853218,-0.9454721927359816,0.5178385456652053,-0.9928661732147995,0.8553405984782921,mims_mean_per_day
(Intercept),310.95575047046043,9.708271827195322,32.02997979510574,0.01986929283385419,187.60046099967988,434.311039941241,sedentary_min_day_karas
od_binary,-2.9337701759239536,12.092608310273512,-0.24260855066574114,0.8484781293251378,-156.5849271606267,150.71738680877883,sedentary_min_day_karas
age,1.141827658929925,0.14151280941382352,8.068722991647332,0.0784994105868746,-0.6562630702733863,2.9399183881332362,sedentary_min_day_karas
female,-33.10895765467994,6.362896952208543,-5.2034408074435206,0.12087223037934347,-113.95722904462366,47.73931373526378,sedentary_min_day_karas
race_MexAm,-17.916926143146085,9.919788102242817,-1.8061803295067516,0.3219034105861789,-143.95978470971315,108.12593242342098,sedentary_min_day_karas
race_NHAsian,17.053977868661747,6.698567608906419,2.5459141213991434,0.2382690697494696,-68.0593936092114,102.16734934653489,sedentary_min_day_karas
race_NHBlack,22.57158307154949,5.772201526943215,3.9103941479158166,0.15938607936094873,-50.7711913082512,95.91435745135018,sedentary_min_day_karas
race_OtherHisp,-19.036646196577436,6.612287956089294,-2.8789802142610075,0.21282695515211691,-103.05373074119011,64.98043834803524,sedentary_min_day_karas
race_OtherMulti,29.901664594941394,13.44112480927312,2.2246400520224348,0.2689381980896046,-140.8840191161599,200.68734830604268,sedentary_min_day_karas
edu_HS,-40.72228483676992,6.22278621947622,-6.544059750810076,0.09653530816812284,-119.7902805708813,38.34571089734144,sedentary_min_day_karas
edu_SomeColl,-25.327873849832173,3.5957527319564355,-7.043830802028307,0.08977980325082546,-71.01624424273012,20.360496543065786,sedentary_min_day_karas
edu_lt_HS,-37.052444617718436,5.0706946791439815,-7.307173269594988,0.0865847195521019,-101.48172936555352,27.376840130116648,sedentary_min_day_karas
pir,3.2445964350930288,1.9621301376305393,1.6536091938382795,0.3462548856724055,-21.686630812659235,28.175823682845294,sedentary_min_day_karas
bmi,1.9375329570498678,0.052919267150784065,36.61299676598339,0.017383486649719337,1.2651299141436816,2.609935999956054,sedentary_min_day_karas
smk_current,16.32079066015396,2.386947559287536,6.837515385141282,0.09245143779047171,-14.008253722665955,46.649835042973876,sedentary_min_day_karas
smk_former,-8.168877622551843,3.5984816304490987,-2.2700901272997047,0.26415584532162373,-53.891921958401824,37.55416671329813,sedentary_min_day_karas
dm_self,20.459776263778963,7.464846201450941,2.7408168516321476,0.22271930112901206,-74.39008789591266,115.30964042347058,sedentary_min_day_karas
comorb_count,4.005839465726268,1.2429912603475877,3.2227414572537567,0.19154273526058185,-11.787861973526002,19.79954090497854,sedentary_min_day_karas
phq9_score,-0.053595218162719505,1.0102291265440768,-0.053052537047773504,0.966257339261672,-12.889773330478693,12.782582894153254,sedentary_min_day_karas
sinus_ever,-4.3652196015229965,17.611426879249723,-0.24786291488205425,0.8453228623248243,-228.13961522544014,219.40917602239415,sedentary_min_day_karas
head_injury,6.766637424131616,2.631845510502579,2.571061788060445,0.23614740612365814,-26.67413046629636,40.207405314559594,sedentary_min_day_karas
n_meds,-1.0456004402775534,2.98989611561793,-0.3497112942539331,0.7858299057517533,-39.035832625212414,36.94463174465731,sedentary_min_day_karas
(Intercept),109.72728129539108,4.849420243444781,22.626886470339475,0.028117247719394944,48.10955483043156,171.3450077603506,mvpa_min_day_karas
od_binary,-3.4398673753031916,2.660118164382232,-1.2931257796595075,0.4190610835453603,-37.23987339436105,30.360138643754663,mvpa_min_day_karas
age,-0.9963553443411183,0.03430248449188602,-29.046156833823456,0.02190886834113792,-1.4322097352544794,-0.5605009534277572,mvpa_min_day_karas
female,7.695883931376376,1.4888802466209594,5.1689072703075505,0.12166032330057464,-11.222133309835804,26.613901172588555,mvpa_min_day_karas
race_MexAm,15.322108933673356,6.8068190548643015,2.2509940120596923,0.26614553533260343,-71.16672757952759,101.81094544687429,mvpa_min_day_karas
race_NHAsian,0.3603881884247424,2.501643830430783,0.14406055092290398,0.908914865114478,-31.426010498017074,32.14678687486656,mvpa_min_day_karas
race_NHBlack,-6.046797709198145,0.6345903009258677,-9.528663927538545,0.06656734953075483,-14.11003199635293,2.0164365779566396,mvpa_min_day_karas
race_OtherHisp,17.79250938645303,2.377806821507157,7.482739651312534,0.08457729630398414,-12.420390910689704,48.005409683595765,mvpa_min_day_karas
race_OtherMulti,-6.23283700844896,3.2697205909346434,-1.9062292434801944,0.30757020244961275,-47.778576266950644,35.31290225005272,mvpa_min_day_karas
edu_HS,5.645847618650798,2.1264234712943657,2.6550909049240974,0.22931252381086797,-21.372924363422705,32.6646196007243,mvpa_min_day_karas
edu_SomeColl,1.4525809554738762,2.2285032033963414,0.6518191013861124,0.6322547017418114,-26.863237002101194,29.768398913048948,mvpa_min_day_karas
edu_lt_HS,6.097340739776089,2.9027813607986084,2.100516705157084,0.28286526534552303,-30.78599353488281,42.980675014434986,mvpa_min_day_karas
pir,-0.9668395483386705,1.0094014725033573,-0.9578344936835375,0.5137086387945771,-13.79250131896254,11.858822222285198,mvpa_min_day_karas
bmi,-0.7836522613980924,0.04224163367810744,-18.551656107094068,0.03428288318992534,-1.3203831073026175,-0.24692141549356716,mvpa_min_day_karas
smk_current,-8.45577121263791,0.7734803102150244,-10.932109196531764,0.058072326091010984,-18.283770393629922,1.372227968354105,mvpa_min_day_karas
smk_former,2.322148685832998,0.9331804603908567,2.4884240341470294,0.24325843727571783,-9.535033299690987,14.179330671356983,mvpa_min_day_karas
dm_self,-8.237633297232868,4.300793141170588,-1.915375380037635,0.30631833771158323,-62.88439147688223,46.40912488241649,mvpa_min_day_karas
comorb_count,-0.15053324636557974,0.6247105410604398,-0.24096479324656678,0.8494667803038047,-8.088233281925994,7.787166789194836,mvpa_min_day_karas
phq9_score,-0.22946806501691297,0.05027004367460672,-4.564707890493159,0.13729662860781944,-0.8682095320429096,0.4092734020090837,mvpa_min_day_karas
sinus_ever,0.6172885466067324,4.284090725945832,0.14408857937303574,0.9088973845023973,-53.81724532560829,55.05182241882175,mvpa_min_day_karas
head_injury,0.1770992230313304,1.8698982743085641,0.094710619002425,0.9398846662179738,-23.582211086153034,23.936409532215695,mvpa_min_day_karas
n_meds,-0.375340754163453,0.7569963801159216,-0.49582899472514746,0.7069605823871492,-9.993891744459475,9.243210236132569,mvpa_min_day_karas
(Intercept),0.538154078644355,0.0036141698965414465,148.90115684913917,0.004275387881320425,0.4922316959875801,0.58407646130113,IS
od_binary,-0.028282806865793098,0.0022883510328651903,-12.359470404495093,0.051396702339056466,-0.05735906359761503,0.0007934498660288371,IS
age,0.0022266558241754476,7.780930586148905e-05,28.616831875343962,0.02223729153464782,0.00123799485351973,0.0032153167948311655,IS
female,0.02993440182257994,0.01320488848348185,2.266918184127434,0.2644843981826268,-0.1378496147668958,0.1977184184120557,IS
race_MexAm,0.010110782702708015,0.018690059062684918,0.5409711477527858,0.6843098975741575,-0.22736893427896385,0.24759049968437988,IS
race_NHAsian,-0.014852540311414628,0.018762852376542277,-0.7915928779562107,0.573723484929263,-0.25325718404238273,0.22355210341955345,IS
race_NHBlack,-0.04222923228926781,0.016408254342591033,-2.573657831452129,0.23593043287138427,-0.25071587132945694,0.16625740675092135,IS
race_OtherHisp,-0.0002501494740840271,0.0009765282887727622,-0.2561620354064692,0.8403550095658545,-0.012658117841897068,0.012157818893729013,IS
race_OtherMulti,-0.03429419548406115,0.02276290575093604,-1.506582501342164,0.3730485906460794,-0.3235243363457028,0.2549359453775805,IS
edu_HS,0.03195155549989061,0.012873063693624521,2.482047495478085,0.24382410210543037,-0.1316162273731198,0.19551933837290097,IS
edu_SomeColl,0.017397247846504975,0.010262745807928618,1.6951845219692085,0.33929579554009903,-0.11300330154435462,0.14779779723736458,IS
edu_lt_HS,0.05657918793102609,0.01687662566003584,3.352517800107793,0.18454402540448833,-0.15785867296116868,0.27101704882322086,IS
pir,0.001151776223264006,0.0010382174058692765,1.1093786491661148,0.4670185804622151,-0.012040026696371199,0.014343579142899212,IS
bmi,-0.002858012249697891,0.0002753950258629981,-10.3778644539487,0.06115519546678194,-0.006357237831637269,0.0006412133322414881,IS
smk_current,-0.029734838098066346,0.01594398853906521,-1.8649560632342057,0.31333845902065427,-0.23232242078665175,0.17285274459051905,IS
smk_former,0.013231217887187523,0.002579143142692215,5.130082804700881,0.12255854897350171,-0.01953990292776079,0.04600233870213583,IS
dm_self,-0.025980279437717968,0.011843494937533705,-2.193632840200134,0.2722952516971173,-0.17646615090586973,0.12450559203043379,IS
comorb_count,-0.005738619191079208,0.0029346696115875857,-1.955456644393695,0.3009413961604315,-0.04302713210894134,0.03154989372678292,IS
phq9_score,-0.0026788391265274575,0.0006593507359670939,-4.06284391659669,0.1536391701684019,-0.011056684570672815,0.0056990063176179,IS
sinus_ever,-0.019274341210895815,0.021431030427374355,-0.8993660513064388,0.5336984617494314,-0.29158140152830386,0.2530327191065122,IS
head_injury,0.004121055752934283,0.021490309735808115,0.19176344145787697,0.8793838572772252,-0.268939219594052,0.2771813310999205,IS
n_meds,-0.0009294466127230949,0.0024909118674172424,-0.373135085540707,0.7726410043917733,-0.03257948277989381,0.03072058955444762,IS
(Intercept),0.5176315435179915,0.008352435011867753,61.973728952395625,0.010271522148441736,0.4115037942116061,0.6237592928243768,IV
od_binary,0.0475441034511902,0.025253235875801607,1.8826935163880665,0.3108353326546953,-0.2733286818376569,0.3684168887400373,IV
age,0.0022497419436668144,0.0004674768772343314,4.812520261914665,0.1304280350645739,-0.003690114967900203,0.008189598855233831,IV
female,-0.01498105315356424,0.009218279840350249,-1.6251462759884099,0.35116889244639404,-0.13211040412040628,0.10214829781327779,IV
race_MexAm,-0.03448740435244471,0.037229787516857474,-0.926339005744499,0.5243317551971844,-0.5075367068259167,0.4385618981210272,IV
race_NHAsian,0.04702287720539758,0.0005953742915256852,78.98036222709317,0.008060051116008271,0.03945792956261726,0.054587824848177896,IV
race_NHBlack,0.028616115899670592,0.034544622443029804,0.8283812030906874,0.5595809788369035,-0.4103149293953213,0.46754716119466255,IV
race_OtherHisp,-0.02574460382064242,0.032388148116431446,-0.794877302897767,0.5724400928535167,-0.43727504481357116,0.3857858371722863,IV
race_OtherMulti,0.027133393484222446,0.034919807257629464,0.7770201388581318,0.5794674860761595,-0.4165648268789765,0.4708316138474214,IV
edu_HS,-0.09789611531622401,0.021323192826215396,-4.591062704074386,0.13653249442606463,-0.3688329689950483,0.1730407383626003,IV
edu_SomeColl,-0.05976051225619723,0.013710849798594054,-4.358629343479879,0.14357487526944168,-0.23397337690407288,0.1144523523916784,IV
edu_lt_HS,-0.11569845859761274,0.012297144539405672,-9.408562957592471,0.06741078841553727,-0.2719484947856339,0.040551577590408394,IV
pir,0.003594383991124768,0.006204532507196836,0.5793158448207865,0.6657289722019741,-0.07524167633756952,0.08243044431981907,IV
bmi,0.0031336100044261975,0.00032299957406999686,9.701591754257597,0.06538920987693486,-0.0009704887134044052,0.0072377087222568,IV
smk_current,-0.030653340685089125,0.009148109868933626,-3.3507840553146213,0.18463424737751977,-0.14689109762878003,0.08558441625860178,IV
smk_former,-0.029981804154072922,0.004060026646220217,-7.384632359983458,0.08568749887043237,-0.08156933395527169,0.021605725647125852,IV
dm_self,0.028399024937333595,0.007942454336621947,3.57559813801991,0.17360996936949258,-0.07251942597150343,0.12931747584617062,IV
comorb_count,0.014218313727440923,0.010562727362588242,1.346083567185524,0.40676118622723534,-0.11999386271399984,0.14843049016888168,IV
phq9_score,0.0019390112135481488,0.00023251658326198056,8.3392383732193,0.07597748798519954,-0.0010153920979343862,0.004893414525030684,IV
sinus_ever,0.026807422961805563,0.021052720499860286,1.2733472123939265,0.42381858433877184,-0.2406927539628813,0.2943075998864924,IV
head_injury,0.017803469259054877,0.02492502837184469,0.714280802150086,0.6051389841161097,-0.29889904428856673,0.33450598280667654,IV
n_meds,0.0033782524605212583,0.002585619028285673,1.3065546097721599,0.41588247698759306,-0.029475152282625566,0.03623165720366808,IV
(Intercept),1.0132531184540794,0.003537989248729823,286.39236787331913,0.0022228846036582706,0.9682987027053334,1.0582075342028254,RA
od_binary,-0.006700986935599701,0.005722756055678554,-1.1709370223723712,0.4499765176747843,-0.07941549703423495,0.06601352316303555,RA
age,-0.0006480759004897606,1.5730794452169451e-06,-411.9791295094977,0.0015452688655530622,-0.0006680637699869552,-0.000628088030992566,RA
female,0.00730997003872148,0.0001548891382599379,47.19485253029008,0.013487159953889716,0.00534191693658104,0.00927802314086192,RA
race_MexAm,0.003185829882038832,0.003202277995746798,0.9948636209192918,0.501639166317335,-0.037502969954067135,0.0438746297181448,RA
race_NHAsian,-0.009816800728875363,0.003817911112330783,-2.571249156946019,0.23613173338186777,-0.05832796098666675,0.03869435952891603,RA
race_NHBlack,-0.011256430773198635,0.00338520332143344,-3.325186024109234,0.18597638335854172,-0.054269517248910513,0.031756655702513244,RA
race_OtherHisp,-0.0018855574159101773,0.0016265466331860416,-1.159239690667086,0.4531353800004423,-0.022552791950107662,0.018781677118287307,RA
race_OtherMulti,-0.010645845560223854,0.011906612749315003,-0.8941120186206037,0.5355524324882026,-0.16193370486736813,0.14064201374692042,RA
edu_HS,0.0023202506691777647,0.0009629979566199038,2.409403522850433,0.2504492077179119,-0.00991579852815261,0.01455629986650814,RA
edu_SomeColl,0.0031940048037621266,0.0011748902129687744,2.718555971022473,0.22439621233696294,-0.01173439078474701,0.01812240039227126,RA
edu_lt_HS,0.0006876731466073094,0.0037628850067116587,0.18275157103678247,0.8849266013523776,-0.047124314147353116,0.048499660440567735,RA
pir,0.0017446521319577058,0.00016541246771349538,10.547283140588599,0.06017876159297386,-0.0003571125487258531,0.0038464168126412647,RA
bmi,-0.000867018218067752,0.00013187924175294294,-6.574334266282693,0.09609750466095202,-0.0025427028642321233,0.0008086664280966191,RA
smk_current,-0.006062255563714314,0.00523642506756758,-1.157708834842613,0.4535514974792145,-0.0725973445578654,0.06047283343043677,RA
smk_former,-0.002404977998065081,0.0052748171326224575,-0.4559358054692237,0.7276673243675194,-0.06942788443104797,0.06461792843491782,RA
dm_self,-0.006674168253055779,0.0015138156885327982,-4.408838079571255,0.14199379928622102,-0.025909020324386776,0.012560683818275218,RA
comorb_count,-0.0006726703979138549,0.0008510481787999288,-0.7904022529751416,0.574189737059831,-0.011486262798094359,0.010140922002266649,RA
phq9_score,-0.0002131781990463294,0.00038018958181890394,-0.5607155199425553,0.6746663787123932,-0.005043944864197963,0.004617588466105304,RA
sinus_ever,-0.007947635526145285,0.006814167542874968,-1.1663399052251795,0.4512136140542382,-0.09452984343251108,0.07863457238022051,RA
head_injury,-0.0022949098457406836,0.0023136624586613664,-0.9918948363230422,0.5025904374483483,-0.03169277873589332,0.02710295904441196,RA
n_meds,0.00021704823107460136,0.00030671666143803917,0.7076506051447354,0.6079427010777076,-0.003680156465153102,0.004114252927302305,RA
(Intercept),377.5161197373195,24.934021286866574,15.140603089809966,0.04198620617529203,60.69934037025479,694.3328991043843,total_sleep_time_min
od_binary,-2.7532001687569334,0.7848693039620568,-3.507845388854744,0.17679489952847738,-12.725910236037755,7.219509898523889,total_sleep_time_min
age,-0.3746951927069482,0.2555821993184252,-1.4660457328646832,0.3810907834237811,-3.622174944168667,2.8727845587547707,total_sleep_time_min
female,4.638371939441491,8.716451106873302,0.5321399595511908,0.688675253225906,-106.11464039734722,115.39138427623021,total_sleep_time_min
race_MexAm,-9.828669301596733,1.4428706818788968,-6.8118851017181274,0.09279439678250223,-28.16207959337398,8.504740990180515,total_sleep_time_min
race_NHAsian,-22.293206991843505,6.107825158593703,-3.649941904521774,0.17024158315179627,-99.90048394969376,55.314069966006755,total_sleep_time_min
race_NHBlack,-12.558828013779731,0.4404992331969747,-28.510442396533968,0.022320204284037137,-18.155901456908452,-6.96175457065101,total_sleep_time_min
race_OtherHisp,-15.506328342595282,0.7911404870172862,-19.599968143529573,0.032452513999168486,-25.558721345713877,-5.4539353394766845,total_sleep_time_min
race_OtherMulti,-24.839113576416295,8.380548835171842,-2.963900582760219,0.20715607582839013,-131.32408287762007,81.64585572478748,total_sleep_time_min
edu_HS,8.871921124089283,0.716248634574443,12.386649964590172,0.051284412301371596,-0.22888066881916203,17.97272291699773,total_sleep_time_min
edu_SomeColl,9.714164266830025,5.456235777826876,1.7803783894945624,0.32579976961465085,-59.61388461507964,79.04221314873969,total_sleep_time_min
edu_lt_HS,6.173047392286705,0.5753327325781297,10.729525790449287,0.05916254128735843,-1.1372480992738554,13.483342883847264,total_sleep_time_min
pir,3.77086071673396,1.4978746592763559,2.5174741380268197,0.2407126788490641,-15.261441373159329,22.80316280662725,total_sleep_time_min
bmi,-0.661549595015245,0.06371844248051355,-10.382388038087418,0.061128713792018896,-1.471169170642821,0.148069980612331,total_sleep_time_min
smk_current,-11.92979159257223,4.989798809605412,-2.390836193556995,0.2521976461771238,-75.33119685973938,51.47161367459491,total_sleep_time_min
smk_former,-5.323498641037345,6.726329095715762,-0.7914418942760428,0.5737825806621886,-90.78961325409061,80.14261597201592,total_sleep_time_min
dm_self,1.1297979865901198,1.203571119729074,0.9387047994674709,0.520121032491137,-14.16302307523452,16.42261904841476,total_sleep_time_min
comorb_count,-1.3042588365061079,4.591192215174699,-0.28407846489094984,0.8237921498730771,-59.64088710564725,57.032369432635036,total_sleep_time_min
phq9_score,-0.3097455700478733,0.43868633544274527,-0.7060752638562626,0.6086114504362408,-5.8837839631456035,5.264292823049857,total_sleep_time_min
sinus_ever,-8.166762999389391,3.7661622191350657,-2.1684575767596557,0.2750792582634056,-56.02039122536556,39.686865226586775,total_sleep_time_min
head_injury,5.804449698076979,6.1733054564091985,0.9402498773247533,0.5195985540183266,-72.63483333000266,84.24373272615662,total_sleep_time_min
n_meds,-0.9378414267772257,0.5144371976835024,-1.823043572666016,0.3194025823987028,-7.474385784447781,5.59870293089333,total_sleep_time_min
(Intercept),0.9240837379755114,0.0022502474680099515,410.65871692447325,0.001550237430252066,0.8954916329399182,0.9526758430111045,sleep_efficiency
od_binary,-0.005907335040195166,0.003557370306923203,-1.6605904166621512,0.345068442051532,-0.05110801048234999,0.039293340401959656,sleep_efficiency
age,-0.00029938852888371226,0.00013410204402133688,-2.2325426213196033,0.26809501675056424,-0.00200331655575833,0.0014045394979909057,sleep_efficiency
female,0.006251574160151416,0.000528287865042895,11.833650882069403,0.05366989944719003,-0.0004609596127202334,0.012964107933023064,sleep_efficiency
race_MexAm,-0.00283489520328864,0.006090521520920393,-0.46546017341060697,0.72266552899067,-0.08022230859818125,0.07455251819160397,sleep_efficiency
race_NHAsian,-0.012624271313755764,0.000956448512863731,-13.199112282538929,0.048140047191099766,-0.024777101937812143,-0.00047144068969938273,sleep_efficiency
race_NHBlack,-0.009322928047178046,0.0009675422440146202,-9.635680617411026,0.06583332171832623,-0.021616717890525702,0.002970861796169613,sleep_efficiency
race_OtherHisp,-0.005153044340675872,0.002969550867314604,-1.7352941811486207,0.3328178584528747,-0.04288476563526036,0.03257867695390862,sleep_efficiency
race_OtherMulti,-0.004192337926823053,0.009571719650981176,-0.43799213513251045,0.7371884370394766,-0.12581256748945646,0.11742789163581036,sleep_efficiency
edu_HS,0.0022657760556941686,0.005301518164866988,0.42738249407677276,0.7428776076830237,-0.06509639915965493,0.06962795127104326,sleep_efficiency
edu_SomeColl,0.002620108651939082,0.006309311631141608,0.41527646835618404,0.749422645742341,-0.0775472966776745,0.08278751398155267,sleep_efficiency
edu_lt_HS,-0.0026059520621554144,0.0019426179319959656,-1.3414640209142403,0.40780936246536137,-0.027289253230260442,0.022077349105949613,sleep_efficiency
pir,0.002741647563632502,0.00032777122666187235,8.364515676236511,0.0757500506574027,-0.00142308074896037,0.0069063758762253746,sleep_efficiency
bmi,-0.00039767986572179087,0.00022962971312465294,-1.7318310435980602,0.3333683131842706,-0.0033154020141926924,0.0025200422827491107,sleep_efficiency
smk_current,-0.006868596167265151,0.005335831081302636,-1.2872589222948791,0.4204627830908292,-0.07466675832394085,0.060929565989410545,sleep_efficiency
smk_former,-0.0005791085540973115,0.003997610035797152,-0.14486369328463852,0.9084140210980889,-0.05137356012432257,0.05021534301612795,sleep_efficiency
dm_self,-0.00533582787213005,0.0007448352668771671,-7.163769103605022,0.08829604118485213,-0.014799857267794652,0.004128201523534552,sleep_efficiency
comorb_count,0.001066865139014661,0.0005624003280534771,1.8969852715185753,0.30884506688910496,-0.006079108572924631,0.008212838850953953,sleep_efficiency
phq9_score,-0.000493249121399239,0.00026292519531388405,-1.8760055338568478,0.3117748189628964,-0.003834030483356169,0.002847532240557691,sleep_efficiency
sinus_ever,-0.007679161431418648,0.0015867209180739298,-4.8396421474925395,0.12971721996173136,-0.027840362275637073,0.012482039412799777,sleep_efficiency
head_injury,-0.0027742370861385257,0.0007106901887544566,-3.90358151841185,0.1596527363810849,-0.01180441212844329,0.006255937956166238,sleep_efficiency
n_meds,-0.0007775334158108826,0.0002116133901565087,-3.6743110406946413,0.16916505580275687,-0.0034663364760554967,0.0019112696444337314,sleep_efficiency
(Intercept),31.195536543187956,4.383461946142577,7.116643631556984,0.0888731833459715,-24.5016283977304,86.89270148410631,waso_min
od_binary,2.218881165210311,1.5582475485308354,1.4239593492717775,0.3897678969168583,-17.5805312160648,22.018293546485417,waso_min
age,0.08159441762009245,0.08574854312334072,0.951554564638224,0.5158002188586384,-1.0079441271337795,1.1711329623739644,waso_min
female,-1.5690096476562605,1.1592638216035327,-1.3534534748837013,0.4050985184016769,-16.298853108191043,13.160833812878522,waso_min
race_MexAm,-0.053769400382256194,2.185254899822725,-0.02460555076966909,0.9843387799670675,-27.82006555825872,27.71252675749421,waso_min
race_NHAsian,2.636921998267889,0.7067004637389699,3.7313149397364405,0.1666980538472178,-6.342558781149062,11.61640277768484,waso_min
race_NHBlack,2.6328759432479356,0.06755158585247403,38.97578287796049,0.01633014372713748,1.7745516631531186,3.4912002233427524,waso_min
race_OtherHisp,-0.0460914614400334,1.9914775142251866,-0.023144354435739613,0.9852684763401651,-25.350212484673506,25.258029561793442,waso_min
race_OtherMulti,-1.4372489926279872,2.2585271927266994,-0.6363655913714324,0.6392080886869664,-30.13455790563131,27.26005992037534,waso_min
edu_HS,0.19986942861348744,2.324658675126866,0.08597796775588132,0.945399002244113,-29.337719639273082,29.73745849650006,waso_min
edu_SomeColl,0.061772580477067685,1.8671648147285331,0.03308362496432796,0.9789459893544461,-23.662805831645365,23.786350992599502,waso_min
edu_lt_HS,1.9432539832513385,0.7365778005822192,2.6382195902663863,0.23065430793333475,-7.415854355067594,11.302362321570271,waso_min
pir,-0.6326797434891265,0.07435905525614124,-8.508442466216971,0.07448044018327127,-1.577501123562184,0.3121416365839311,waso_min
bmi,0.10740190834849539,0.0734898722111954,1.4614518316189675,0.382021416642907,-0.8263754540022688,1.0411792706992595,waso_min
smk_current,1.7305008956523693,1.655759041307618,1.0451405382547239,0.4859507484773695,-19.307912476974558,22.768914268279296,waso_min
smk_former,-0.3366138379474959,0.9594953519415113,-0.35082383386888477,0.7851990402935956,-12.528158223124331,11.854930547229339,waso_min
dm_self,3.026234156822696,0.4679379590102955,6.467169629117677,0.09766522449419957,-2.9194813541898412,8.971949667835233,waso_min
comorb_count,-0.45833444004801294,0.45290947413061333,-1.0119780358488044,0.49621001609706794,-6.213094945304802,5.2964260652087765,waso_min
phq9_score,0.17016178955682593,0.08071725983626923,2.10812148358344,0.2819733677111027,-0.8554482396658216,1.1957718187794735,waso_min
sinus_ever,1.4252277602179262,0.7265045903919527,1.961760158251731,0.3001116141799245,-7.805888307072959,10.656343827508811,waso_min
head_injury,2.191485834785965,0.3321840120979189,6.597204425780654,0.09576938062053397,-2.0293122330141244,6.412283902586054,waso_min
n_meds,0.018991326924108876,0.053692433293465465,0.3537058344945633,0.783566842592855,-0.6632357232860658,0.7012183771342836,waso_min
(Intercept),0.1511544662613044,0.019678199041852897,7.681316056404302,0.08241547957624218,-0.0988807596036752,0.401189692126284,astp
od_binary,0.011339859187431064,0.0008244835565800344,13.753893691305267,0.04620520935042438,0.0008638023159156741,0.021815916058946457,astp
age,0.0005137607430996923,8.904637661080401e-05,5.769586171318257,0.10925522276055388,-0.0006176807491317011,0.0016452022353310857,astp
female,-0.02308810684793022,0.008125586952654163,-2.841407886280592,0.21543242606304136,-0.12633347826994384,0.0801572645740834,astp
race_MexAm,-0.024062085715314423,0.008763771836695923,-2.745631237746395,0.22235978967469272,-0.13541636493349454,0.08729219350286571,astp
race_NHAsian,-0.004351335418486105,0.001379569813853096,-3.1541248400709487,0.19545517802804202,-0.021880431921149954,0.013177761084177744,astp
race_NHBlack,0.003960882369358723,0.008971116808436413,0.4415149700908944,0.7353091532269609,-0.11002796451077243,0.11794972924948988,astp
race_OtherHisp,-0.023966066663288182,0.0025513878685514044,-9.39334507257626,0.0675191821989225,-0.05638452328249469,0.008452389955918328,astp
race_OtherMulti,0.01169726398988026,0.002313500717529645,5.056088334552406,0.12430722960226159,-0.01769854978433847,0.04109307776409899,astp
edu_HS,-0.02297608610147467,0.00808337887649343,-2.842386389717476,0.21536379355819268,-0.12568515306626998,0.07973298086332063,astp
edu_SomeColl,-0.012965828801654106,0.0021650043133263183,-5.988823542680787,0.10532956402804361,-0.040474816861479614,0.014543159258171401,astp
edu_lt_HS,-0.023578440836690008,0.005855174719803433,-4.026940606390918,0.15495573873554758,-0.09797548959258673,0.05081860791920672,astp
pir,-5.143711108190939e-05,0.0027992265611670544,-0.01837547263786473,0.9883031271878226,-0.035618982900208734,0.035516108678044916,astp
bmi,0.001866028564801927,0.00012884261799724227,14.483007205285656,0.0438866715698929,0.00022892788178422037,0.0035031292478196335,astp
smk_current,0.0185806621161419,0.0021567686639487674,8.615046401000228,0.07356704107495249,-0.008823682096557095,0.045985006328840894,astp
smk_former,0.0007996477506091288,0.0041437534110304155,0.19297667387265754,0.8786390520520517,-0.051851731466165576,0.05345102696738384,astp
dm_self,0.013899309941988403,0.007952611976193388,1.7477666436633403,0.3308489993131214,-0.08714820601487962,0.11494682589885642,astp
comorb_count,0.0037537128451373136,0.0010907483831885854,3.4414104141636064,0.18003033882792785,-0.01010555942730838,0.017612985117583007,astp
phq9_score,0.00014939788962897368,0.0006633988524470799,0.225200705545223,0.858985239025901,-0.00827988375130697,0.008578679530564917,astp
sinus_ever,-0.00416399840660093,0.007607004339016431,-0.5473900396301504,0.6811571392757534,-0.10082015296711296,0.09249215615391108,astp
head_injury,-0.0016657205360465985,0.0031919902681751154,-0.5218438642041673,0.6938052422065775,-0.04222380239935678,0.038892361327263585,astp
n_meds,0.001705841398989938,0.0013140746656912325,1.2981312580838984,0.4178714595180937,-0.01499106034190318,0.018402743139883056,astp
